toa,bat,bin,res,err
54023.1671290307,54023.1641024696,0.684769382816739,-1.58E-05,14.0018566088405
54090.9280552153,54090.9250110987,0.678512338665314,4.84E-06,34.8140553078591
54147.7151946341,54147.7160135163,0.492744471994229,8.11E-05,33.0748847101542
54176.6749334125,54176.6779619793,0.167312203906476,4.43E-05,31.7969987308332
54205.5578367857,54205.562507673,0.805333727155812,-2.62E-05,30.656144611433
54226.5014808041,54226.5067659287,0.694298155023716,-1.72E-05,14.2543861190813
54260.4945427447,54260.4996107318,0.744235515128821,6.20E-06,27.4001001934128
54295.4696575489,54295.4730648424,0.257173781865276,-2.76E-05,33.4429544538072
54462.8952846249,54462.8925668866,0.305353957694024,-8.12E-06,24.0110317555908
54518.7167018665,54518.7179826186,0.663678210694343,1.20E-05,11.5785847568566
54560.5071829105,54560.5113644987,0.396688646636903,4.56E-06,23.6118979758429
54592.4915440402,54592.4968451283,0.498836275539361,-2.84E-06,4.89977129585893
54617.352350545,54617.3576168653,0.23700739396736,-2.12E-05,20.8872863874757
54648.3373810588,54648.3415217333,0.866254671942442,-5.42E-06,7.47969252316466
54680.2388452126,54680.2408913256,0.927744428161532,7.74E-06,8.07861632854945
54781.9395631672,54781.9357856543,0.943634044961072,-4.79E-06,3.70283825681078
54817.8518955039,54817.8487087849,0.900148570421152,-1.25E-05,12.8117150371265
54818.8471857228,54818.8440395273,0.370100295869634,5.52E-06,23.6214580608761
54849.0023723527,54849.0009644035,0.608883723383769,-5.35E-05,20.8004498221183
54875.6847797049,54875.6854172434,0.208117446047254,1.64E-05,7.24236201089132
54910.6152282983,54910.6185134904,0.702000491437502,1.93E-05,15.7265615342909
54998.5915835278,54998.5964274935,0.241330812568776,1.64E-07,2.72799578959184
54998.6652965781,54998.6701377771,0.276133590610698,-1.16E-06,12.4651925827885
55083.1723046632,55083.1714801603,0.173978562350385,1.05E-05,19.6189980104133
55100.1271410097,55100.1251563445,0.178764344658703,-6.37E-06,4.93320539389951
55114.2119533951,55114.2091767849,0.828623959445394,-2.37E-05,30.1717601515262
55142.9592900814,55142.955580894,0.401421057060361,-2.37E-06,5.70387075637511
55206.6826061082,55206.6806951443,0.48963808955159,-3.57E-06,14.8247713681074
55253.9341185937,55253.935800239,0.801435796078294,-1.99E-05,24.8324042753897
55291.7434983798,55291.7477479031,0.654586804565042,-2.11E-05,19.5799616220822
55734.4800051026,55734.4846502839,0.695624452666379,4.81E-06,5.38937597105025
55734.4816654176,55734.4863105232,0.696408345247619,-5.63E-06,4.57659565240531
55835.0631133245,55835.0608772658,0.183328183717094,8.73E-06,12.906511236441
55865.9518022738,55865.9482527064,0.766998479957692,2.15E-06,6.56624333741504
55865.9520163992,55865.948466813,0.767099571763538,9.42E-06,5.59797503384216
55903.8917168787,55903.8882361459,0.680602392181754,2.21E-06,13.2721552368575
58589.9636101456,58589.968378815,0.930385073879734,2.11E-06,5.48589761632598
58589.9636101843,58589.968378815,0.930385073763318,-1.98E-06,13.8290749147256
58589.963610198,58589.9683784834,0.930384917301126,-3.75E-06,2.83871019110061
58589.9636102234,58589.9683788143,0.930385073530488,-5.98E-05,47.5539776767494
58589.963610338,58589.9683784835,0.930384917301126,1.39E-06,15.9366619719965
58589.963610338,58589.9683784835,0.930384917301126,1.39E-06,15.9366619719965
58589.9636103432,58589.9683788146,0.930385073646903,-3.16E-05,30.2217571087419
58589.9636104258,58589.9683788151,0.930385073879734,7.97E-06,9.77605578756325
58665.6222285673,58665.6264362561,0.652816949062981,8.02E-07,17.2347155833751
58665.6222286043,58665.6264362561,0.652816949062981,4.65E-06,5.61365256607378
58665.6222286207,58665.6264359251,0.652816792717203,3.25E-05,41.7787150002988
58665.6222286452,58665.626436256,0.652816948946565,-2.81E-06,3.17036953772468
58665.6222286972,58665.6264362562,0.652816949062981,1.29E-05,39.7763238715133
58665.6222287583,58665.6264359247,0.652816792600788,-1.38E-06,36.9396932129718
58665.6222287636,58665.6264362562,0.652816949062981,8.41E-06,17.521382777985
58665.6222288411,58665.6264362553,0.652816948597319,-6.90E-05,41.0861989957849
58707.7029455035,58707.7042936354,0.520144296926446,3.16E-06,3.72747036862799
58707.7029455404,58707.7042936355,0.520144296926446,1.13E-05,22.4151352588616
58707.7029455559,58707.704293304,0.520144140464254,1.44E-06,2.30318157943801
58707.7029455815,58707.7042936354,0.520144296926446,2.85E-06,4.97058968109699
58707.7029456334,58707.7042936353,0.520144296810031,-2.55E-08,3.86272610860897
58707.7029456931,58707.7042933039,0.520144140347838,-1.06E-05,5.63405046465503
58707.7029456987,58707.7042936351,0.520144296693616,-2.13E-05,14.5784860203205
58707.7029457822,58707.7042936353,0.520144296810031,-2.72E-06,4.70971951649442
58844.4803727359,58844.477624923,0.09854049840942,2.12E-05,21.6871912506057
58844.4803727728,58844.4776249229,0.098540498293005,9.43E-06,4.99420771929307
58844.4803728138,58844.4776249227,0.09854049817659,-2.64E-06,3.22833163177055
58844.4803728655,58844.4776249228,0.098540498293005,5.15E-06,6.5519677037885
58844.4803729255,58844.4776245912,0.098540341714397,-9.14E-06,6.68402055148743
58844.4803729326,58844.4776249228,0.098540498293005,3.12E-07,12.1445151643455
58844.4803730117,58844.4776249228,0.098540498293005,-1.88E-07,6.14936982808448
58948.1359178245,58948.1403792356,0.043567692744546,2.27E-05,14.8941408726682
58948.1359178616,58948.1403792354,0.04356769262813,4.33E-06,12.2626166126258
58948.1359178744,58948.1403789036,0.043567535933107,-1.88E-05,28.12488660318
58948.135917902,58948.1403792352,0.043567692511715,-1.42E-05,11.9362272641518
58948.135918015,58948.1403789036,0.043567535933107,-1.58E-05,26.4542624585414
58948.135918021,58948.1403792354,0.04356769262813,7.60E-06,6.58632288315414
58948.1359181047,58948.1403792348,0.0435676923953,-4.59E-05,31.4457372519114
58952.0581051445,58952.0627486758,0.895539311575703,6.45E-05,46.4588356841771
58952.0581051943,58952.0627483437,0.895539154764265,9.76E-06,35.6802810160215
58952.0581052215,58952.0627486749,0.895539311110042,-1.74E-05,12.4290323623803
58952.0581052734,58952.0627486749,0.895539311110042,-1.61E-05,7.37327697871957
58952.0581053353,58952.0627483433,0.895539154531434,-2.70E-05,10.072380162793
58952.05810534,58952.0627486752,0.895539311226457,1.18E-05,22.6663726348377
58952.0581054251,58952.0627486752,0.895539311226457,7.46E-06,12.8907022807616
59072.6541505003,59072.6555325176,0.834187370026484,4.90E-06,3.43240126440123
59072.6541505055,59072.6555328491,0.834187526605092,6.60E-06,13.3321280381618
59072.6541505486,59072.6555318545,0.834187056985684,-1.12E-05,6.46779814757691
59072.6541505553,59072.6555315232,0.834186900523491,7.85E-08,13.682675595354
59072.6541505747,59072.6555321861,0.834187213564292,1.67E-06,3.02037906725545
59072.6541505794,59072.6555328491,0.834187526605092,2.91E-06,6.90529049630412
59072.6541506768,59072.6555325177,0.834187370026484,6.54E-06,3.59622323832334
59072.6541506985,59072.655532849,0.834187526488677,-4.78E-06,7.09693296464809
59111.4514537889,59111.4499199563,0.151203551678918,6.71E-06,4.88059282917119
59111.4514537949,59111.4499202877,0.151203708141111,3.66E-06,24.8159481337277
59111.451453834,59111.4499189617,0.15120308205951,3.60E-07,11.7155865864511
59111.4514538375,59111.4499192933,0.151203238638118,1.08E-05,11.080073277306
59111.4514538635,59111.4499196249,0.151203395216726,2.07E-05,15.1491829384025
59111.4514538698,59111.4499202877,0.151203708141111,5.57E-06,8.44225428882165
59111.4514539655,59111.4499199563,0.151203551678918,9.27E-06,6.28498770721837
59111.4514539862,59111.4499202878,0.151203708141111,7.15E-06,5.23608457729853
59152.3435575042,59152.3400432212,0.457734701107256,3.66E-06,12.9878861338458
59152.3435575096,59152.3400435522,0.457734857453033,-2.19E-05,37.6328411308856
59152.3435575533,59152.3400425586,0.457734388299286,5.29E-06,6.60648331296082
59152.3435575539,59152.3400422273,0.457734231953509,1.17E-05,8.86969252775829
59152.343557579,59152.3400428899,0.457734544761479,3.67E-06,8.3855150639845
59152.3435575849,59152.3400435525,0.457734857569449,4.66E-06,15.4808194225519
59152.3435576809,59152.3400432212,0.457734701223671,6.84E-06,7.49283123502649
59152.343557702,59152.3400435529,0.457734857802279,3.64E-05,16.1642695184665
59163.6365903388,59163.6328762698,0.78971747867763,4.92E-06,4.38229521848845
59163.636590375,59163.6328762698,0.78971747867763,-2.17E-06,4.31251715411409
59163.6365903912,59163.6328759383,0.789717322215438,-6.23E-07,1.74634035993197
59163.6365904166,59163.6328762697,0.78971747867763,-2.56E-06,12.8058838096615
59163.6365904685,59163.6328762697,0.78971747867763,-8.07E-06,12.7768952227142
59163.6365905285,59163.6328759383,0.789717322099023,-4.27E-06,3.50848924666995
59163.6365905349,59163.6328762698,0.78971747867763,2.52E-06,4.13753679444371
59163.6365906162,59163.6328762698,0.78971747867763,2.29E-06,4.66785179480193
59163.6573345695,59163.6536202751,0.799511892371811,-1.24E-06,3.83052219008028
59163.6573346058,59163.6536202751,0.799511892371811,-1.64E-06,2.65303532093341
59163.6573346227,59163.6536199437,0.799511735909618,-7.06E-07,1.96304199659619
59163.6573346474,59163.6536202751,0.799511892371811,-1.20E-06,6.09354321866644
59163.6573346994,59163.6536202752,0.799511892488226,8.36E-06,13.640111839093
59163.6573347591,59163.6536199436,0.799511735909618,-5.40E-06,5.19710915005949
59163.657334766,59163.6536202751,0.799511892371811,-4.89E-06,4.47998505740564
59163.6573348462,59163.6536202751,0.799511892488226,6.99E-08,5.28406742802194
59189.2040185111,59189.2004991907,0.861632868647575,-6.37E-06,9.73955209615129
59189.2040185485,59189.2004991908,0.861632868763991,6.23E-06,5.33345127198206
59189.2040185641,59189.2004988594,0.861632712301798,9.87E-06,7.43339938390582
59189.2040185891,59189.2004991906,0.861632868647575,-1.43E-05,7.12634622293179
59189.2040186412,59189.2004991907,0.861632868763991,-1.95E-06,24.2027864528776
59189.2040187016,59189.2004988592,0.861632712185383,-2.83E-06,2.51566403829746
59189.2040187075,59189.2004991907,0.861632868647575,-8.13E-06,20.7477359287153
59189.2040187892,59189.2004991908,0.861632868763991,3.27E-06,6.67221093342154
59193.1717890241,59193.1683797679,0.735092859715223,-3.34E-06,7.23048647401286
59193.1717890622,59193.168379768,0.735092859715223,1.26E-06,5.75858528478575
59193.1717890753,59193.1683794365,0.735092703136615,-2.14E-06,3.56538083912667
59193.1717891026,59193.1683797681,0.735092859715223,1.01E-05,8.98800747333564
59193.171789154,59193.168379768,0.735092859715223,2.04E-06,5.15524045775684
59193.1717892214,59193.168379768,0.735092859715223,-4.67E-07,4.94267748742919
59193.1717893061,59193.1683797679,0.735092859715223,-4.64E-06,3.30668869254002
59193.1957960454,59193.1923875331,0.746428278274834,3.46E-07,9.72774208009075
59193.1957960829,59193.192387533,0.746428278274834,-3.27E-06,10.8357396734246
59193.1957960984,59193.1923872016,0.746428121812641,-1.54E-06,2.90310819264988
59193.1957961236,59193.192387533,0.746428278274834,-5.77E-06,4.39732438360579
59193.1957961746,59193.1923875331,0.746428278274834,-2.40E-06,13.3029847343892
59193.1957962376,59193.1923872016,0.746428121812641,-2.78E-06,2.70562433708799
59193.1957962422,59193.192387533,0.746428278274834,-4.49E-06,8.95579850950219
59193.1957963246,59193.1923875331,0.746428278274834,3.67E-06,6.80748489657414
59193.2195086837,59193.2161009045,0.757624697056599,1.91E-06,3.53210457414933
59193.2195087203,59193.2161009046,0.757624697056599,6.97E-06,6.51653895003357
59193.2195087362,59193.2161005731,0.757624540594406,1.93E-06,3.94860371767638
59193.2195087615,59193.2161009045,0.757624697056599,4.16E-06,6.86545955423251
59193.2195088134,59193.2161009044,0.757624697056599,-5.14E-06,22.3528627517485
59193.2195088752,59193.216100573,0.757624540594406,-4.71E-06,4.46280877716393
59193.2195088792,59193.2161009045,0.757624697056599,3.63E-06,5.27440538249447
59193.219508961,59193.2161009045,0.757624697056599,4.74E-06,5.03822322170953
59193.2373437427,59193.2339365145,0.766045893542468,5.33E-06,3.96255889462321
59193.2373437792,59193.2339365144,0.766045893426053,-4.12E-06,4.2577684519359
59193.2373437948,59193.233936183,0.766045736963861,2.28E-06,17.4129431171535
59193.2373438203,59193.2339365142,0.766045893426053,-1.94E-05,21.6216977771748
59193.2373438722,59193.2339365142,0.766045893426053,-2.21E-05,27.925184705131
59193.2373439338,59193.233936183,0.766045736963861,-3.14E-06,8.09045440102039
59193.2373439386,59193.2339365146,0.766045893542468,1.61E-05,8.05395121171677
59193.2373440204,59193.2339365148,0.766045893658884,3.03E-05,17.7586616827928
59194.095485213,59194.0921045003,0.171235353103839,7.67E-05,45.8704653080762
59194.0954852487,59194.0921044995,0.171235352754593,1.20E-05,8.97190299039919
59194.0954852627,59194.0921041679,0.171235196175985,2.16E-06,2.78504597413767
59194.09548529,59194.0921044994,0.171235352638178,-3.98E-06,7.30993378582773
59194.095485342,59194.0921044994,0.171235352638178,-1.57E-06,5.3892765967116
59194.0954854034,59194.092104168,0.171235196175985,3.52E-06,4.82351431139762
59194.0954854083,59194.0921044993,0.171235352638178,-6.61E-06,5.06184133179431
59194.0954854933,59194.0921044994,0.171235352754593,3.75E-06,2.65410855791467
59194.1192960637,59194.1159161206,0.182478160713799,7.51E-05,36.2461038637907
59194.1192961001,59194.1159161201,0.182478160480969,2.88E-05,18.2740187737987
59194.1192961139,59194.1159157883,0.182478003902361,1.98E-06,2.4738100167526
59194.1192961408,59194.1159161198,0.182478160364553,4.08E-06,7.08018101099803
59194.1192961924,59194.1159161195,0.182478160248138,-1.99E-05,10.9452513916105
59194.1192962527,59194.1159157883,0.182478003785945,4.30E-07,4.88148549965877
59194.119296259,59194.1159161197,0.182478160364553,-5.56E-06,8.60686861304083
59194.1192963429,59194.1159161198,0.182478160364553,4.71E-06,4.01301237365962
59194.1431266139,59194.139747442,0.193730270373635,-1.08E-05,12.022119164629
59194.1431266529,59194.1397474423,0.19373027049005,1.31E-05,10.1786705490569
59194.1431266661,59194.1397471107,0.193730113911442,2.07E-06,1.87936021337598
59194.1431266928,59194.1397474423,0.19373027049005,1.31E-05,9.96608983932097
59194.1431267426,59194.139747442,0.193730270373635,-1.51E-05,11.7612225937443
59194.1431268033,59194.1397471107,0.193730113911442,2.71E-06,5.09726854262028
59194.1431268106,59194.1397474421,0.193730270373635,-1.06E-06,10.4202398320938
59194.1431268978,59194.1397474422,0.19373027049005,8.79E-06,6.38126576727668
59194.1609535229,59194.1575749265,0.202147630276158,-1.77E-05,20.3698066277424
59194.1609535604,59194.1575749268,0.202147630392574,1.79E-06,6.34046917047501
59194.1609535737,59194.1575745953,0.202147473930381,2.21E-06,2.33108223274329
59194.1609536012,59194.1575749268,0.202147630392574,6.39E-06,13.4490015370797
59194.1609536525,59194.1575749262,0.202147630159743,-4.38E-05,22.8542638549952
59194.1609537127,59194.1575745952,0.202147473813966,-7.56E-06,3.96470584650559
59194.1609537199,59194.1575749268,0.202147630392574,1.96E-06,14.5516446295725
59194.1609538037,59194.1575749265,0.202147630276158,-1.60E-05,9.91562879922702
59194.1914251144,59194.1880475023,0.216535450308584,1.14E-05,5.25722842160322
59194.1914251515,59194.1880475021,0.216535450192168,-5.45E-06,8.79904833759062
59194.1914251661,59194.1880471707,0.216535293729976,2.54E-06,2.18192543630099
59194.1914251924,59194.188047502,0.216535450192168,-1.40E-05,18.0839808165794
59194.1914252442,59194.1880475021,0.216535450192168,-2.44E-06,8.73677777760125
59194.1914253036,59194.1880471707,0.216535293729976,-5.19E-06,1.94158459905735
59194.191425311,59194.1880475022,0.216535450192168,3.06E-07,12.0274874092148
59194.1914253943,59194.1880475022,0.216535450192168,-5.99E-07,4.97381032115819
59194.2149176202,59194.2115407653,0.227627943502739,4.31E-06,3.5793354433933
59194.214917657,59194.2115407653,0.227627943502739,2.53E-06,6.47788942987826
59194.2149176732,59194.2115404339,0.227627786924131,-8.85E-07,1.98986422902605
59194.2149176982,59194.2115407653,0.227627943502739,3.28E-06,11.5636714380892
59194.2149177494,59194.2115407651,0.227627943386324,-1.37E-05,12.8595663840715
59194.2149178083,59194.2115404338,0.227627786924131,-2.90E-06,2.28064670021427
59194.2149178165,59194.2115407653,0.227627943502739,-4.09E-07,13.4672536409493
59194.214917897,59194.2115407653,0.227627943502739,-6.23E-07,5.64585978040877
59194.2389183093,59194.2355422267,0.238960385788232,4.24E-07,6.76239353792886
59194.2389183453,59194.2355422263,0.238960385555401,-3.70E-05,19.3509011371415
59194.2389183619,59194.2355418953,0.238960229326039,-2.69E-06,1.48572421955584
59194.2389183871,59194.2355422267,0.238960385788232,-3.08E-06,7.46775506653109
59194.2389184387,59194.2355422265,0.238960385671817,-2.45E-05,13.1805883363967
59194.2389184977,59194.2355418953,0.238960229326039,-2.73E-06,2.55859188944122
59194.238918505,59194.2355422267,0.238960385788232,-6.06E-06,21.7097381846356
59194.2389185865,59194.2355422268,0.238960385788232,3.64E-06,8.90211692138361
59194.2626897498,59194.2593144309,0.250184582779184,-5.70E-05,40.819929286565
59194.2626897873,59194.2593144318,0.250184583244845,2.21E-05,21.3704605409865
59194.2626898034,59194.2593141001,0.250184426666237,-1.51E-06,1.59296233552077
59194.2626898283,59194.2593144315,0.25018458312843,-3.07E-06,5.28406742802194
59194.2626898804,59194.2593144316,0.25018458312843,6.39E-06,19.3326488856699
59194.2626899404,59194.2593141002,0.250184426666237,1.61E-06,2.44268822019565
59194.2626899458,59194.2593144316,0.25018458312843,1.83E-06,13.453296149685
59194.2626900283,59194.2593144313,0.250184583012015,-2.08E-05,8.53708275983566
59194.286352259,59194.2829776985,0.2613573448034,3.37E-05,22.2562330032412
59194.2863522952,59194.2829776981,0.26135734457057,-1.49E-06,12.8649346419373
59194.2863523122,59194.2829773667,0.261357188108377,-2.62E-06,2.46522465665226
59194.2863523364,59194.282977698,0.261357344454154,-1.26E-05,7.01576449334853
59194.2863523883,59194.2829776981,0.26135734457057,-4.39E-06,19.5506022583747
59194.2863524503,59194.2829773667,0.261357188108377,1.17E-07,1.72810515040645
59194.2863524541,59194.2829776977,0.261357344454154,-3.12E-05,18.1022330482704
59194.2863525362,59194.2829776982,0.26135734457057,6.44E-06,7.27879901739236
59194.3105175993,59194.307143812,0.272767528542317,5.53E-06,11.9759522650924
59194.3105176369,59194.3071438118,0.272767528425902,-9.68E-06,11.0644259674313
59194.3105176536,59194.3071434804,0.272767372080125,-3.40E-06,2.93745419152295
59194.3105176775,59194.3071438116,0.272767528425902,-2.34E-05,13.6014603106317
59194.3105177287,59194.3071438119,0.272767528542317,2.03E-06,28.8206223261411
59194.3105177911,59194.3071434805,0.272767372080125,-1.30E-06,2.40942051097776
59194.310517796,59194.3071438119,0.272767528542317,4.23E-06,17.3130927475672
59194.310517879,59194.3071438118,0.272767528542317,-7.75E-06,4.35008991620471
59194.3340437799,59194.330670742,0.283875917899422,2.16E-05,15.3150142738089
59194.3340438159,59194.3306707419,0.283875917783007,1.04E-05,13.9514714934684
59194.3340438341,59194.3306704104,0.283875761320814,-7.10E-07,3.08128083256532
59194.3340438576,59194.3306707418,0.283875917783007,3.09E-06,10.0219190921831
59194.3340439093,59194.3306707416,0.283875917666592,-1.28E-05,6.43601915161454
59194.3340439699,59194.3306704104,0.283875761320814,-1.21E-06,2.54356706877027
59194.3340439753,59194.3306707418,0.283875917783007,1.27E-06,3.72747036862799
59194.3340440523,59194.3306707418,0.283875917783007,3.34E-06,2.7356755628184
59194.3459797808,59194.3426069921,0.289511694107205,7.72E-05,34.3500069677725
59194.3459798419,59194.3426066599,0.289511537179351,8.13E-06,41.2923432907867
59194.3459798447,59194.3426069907,0.289511693408713,-4.47E-05,50.2402968242609
59194.3459799263,59194.3426069917,0.289511693874374,4.18E-05,43.0918113394051
59194.3682040322,59194.3648320802,0.300005410448648,-1.07E-05,23.8710240533144
59194.3682040687,59194.3648320803,0.300005410448648,-6.79E-06,31.2063095346703
59194.3682040857,59194.3648317489,0.300005253986456,-8.68E-07,3.93786897839678
59194.3682041101,59194.3648320802,0.300005410448648,-7.75E-06,5.66733127485415
59194.3682041619,59194.3648320803,0.300005410448648,-1.00E-06,0.947829919513206
59194.3682042222,59194.3648317489,0.300005253986456,-2.67E-06,2.35039827507022
59194.3682042285,59194.3648320803,0.300005410448648,-2.16E-06,2.62405805635725
59194.3682043092,59194.3648320803,0.300005410448648,-1.55E-06,5.08223881017587
59194.3923846857,59194.389013501,0.311422821716405,-1.49E-06,15.6757631272615
59194.3923847254,59194.3890135011,0.311422821716405,6.14E-06,11.7859164979229
59194.3923847417,59194.3890131699,0.311422665370628,2.18E-05,8.88064429260816
59194.3923847648,59194.389013501,0.311422821716405,-2.95E-07,1.32597812265398
59194.3923848152,59194.389013501,0.311422821716405,-1.90E-06,0.997070132917212
59194.3923848767,59194.3890131696,0.311422665254213,-3.74E-06,2.2055322358001
59194.3923848826,59194.389013501,0.311422821716405,-5.21E-06,7.86499376195943
59194.3923849669,59194.3890135011,0.311422821716405,1.35E-06,3.71780931863404
59194.4158838503,59194.4125134077,0.322518451721407,-3.05E-06,6.135413168512
59194.4158838878,59194.4125134077,0.322518451721407,1.01E-06,3.80368567127098
59194.4158839052,59194.4125130764,0.32251829537563,1.00E-05,8.39536393437773
59194.4158839285,59194.4125134077,0.322518451721407,-1.35E-06,0.975659498607506
59194.4158839804,59194.4125134077,0.322518451721407,-2.15E-06,2.94282077797509
59194.4158840408,59194.4125130763,0.322518295259215,-1.86E-06,2.25167364271469
59194.4158840467,59194.4125134077,0.322518451721407,-1.12E-06,10.2473835585356
59194.4158841271,59194.4125134076,0.322518451721407,-4.60E-06,7.31100739878482
59194.4338084389,59194.4304385615,0.33098192687612,3.14E-06,11.6774780650685
59194.4338084763,59194.4304385615,0.33098192687612,2.11E-06,2.33000912415203
59194.4338084928,59194.4304382301,0.330981770413928,-2.77E-06,8.0195952820713
59194.4338085166,59194.4304385614,0.33098192687612,-1.20E-06,2.66806067037878
59194.4338085686,59194.4304385614,0.33098192687612,-4.81E-06,7.65349074894526
59194.4338086289,59194.4304382301,0.330981770413928,-3.30E-06,2.07569876369353
59194.4338086345,59194.4304385614,0.33098192687612,-3.31E-06,19.2768184710323
59194.4338087146,59194.4304385614,0.330981926759705,-8.50E-06,6.09032245510492
59197.3425809279,59197.339309574,0.704423832357861,4.52E-07,37.3680866618012
59197.3425809457,59197.3393092426,0.704423675895669,-1.24E-06,6.6464445032805
59197.3425809697,59197.3393095739,0.704423832357861,-6.49E-06,4.60236658127733
59197.3425810217,59197.339309574,0.704423832357861,-9.11E-07,5.61902043283227
59197.3425810816,59197.3393092426,0.704423675895669,-2.71E-06,6.62926689031183
59197.3425810875,59197.3393095739,0.704423832357861,-6.67E-06,7.22511841578925
59197.3425811652,59197.3393095739,0.704423832357861,-5.23E-06,4.52614640231634
59197.3663320882,59197.3630616156,0.715638509485871,1.84E-05,27.92303737295
59197.3663321422,59197.3630612841,0.715638353023678,1.51E-06,5.70275927206142
59197.3663321658,59197.3630616153,0.715638509369455,-1.02E-05,5.88204698449422
59197.3663322178,59197.3630616154,0.715638509369455,-2.61E-06,4.2159019457364
59197.3663322779,59197.3630612841,0.715638353023678,5.54E-06,5.72959868951413
59197.3663322841,59197.3630616154,0.715638509485871,1.66E-09,8.98800747333564
59197.3663323646,59197.3630616154,0.715638509485871,-1.52E-06,7.25732677160569
59197.3900901336,59197.3868205058,0.726856420282275,2.16E-05,13.2503757518178
59197.3900901736,59197.3868205064,0.726856420515105,7.68E-05,36.8709784762181
59197.3900901894,59197.386820174,0.726856263587251,-5.66E-06,4.60773421247202
59197.3900902122,59197.3868205054,0.726856420049444,-1.37E-05,9.55703376383127
59197.3900902634,59197.3868205055,0.726856420165859,-2.87E-06,3.50419555860329
59197.3900903241,59197.386820174,0.726856263587251,-5.90E-06,4.52829344482266
59197.3900903302,59197.3868205054,0.726856420049444,-1.38E-05,10.6210109711782
59197.3900904125,59197.3868205055,0.726856420165859,2.06E-06,5.41289503757613
59197.4080034862,59197.4047344923,0.735314622637816,7.70E-08,15.7015309100102
59197.4080035239,59197.4047344927,0.735314622870646,3.76E-05,30.3055031091238
59197.4080035408,59197.4047341609,0.735314466175623,-6.88E-07,7.39904371760085
59197.4080036157,59197.4047344922,0.735314622637816,-1.06E-05,5.55031180891635
59197.4080036761,59197.4047341608,0.735314466175623,-4.69E-06,5.12410737459733
59197.408003683,59197.4047344923,0.735314622637816,2.23E-06,19.2091777796877
59197.4080037636,59197.4047344923,0.735314622637816,-1.53E-06,5.49770687442868
59333.1440336655,59333.1492412402,0.827944789780304,6.75E-06,10.0120695134876
59333.1440336726,59333.1492415716,0.827944946242496,-1.33E-06,21.122479229542
59333.1440337141,59333.1492405771,0.827944476739503,-1.25E-06,10.4470867773596
59333.1440337156,59333.1492402456,0.827944320160896,-4.31E-06,8.25690649401482
59333.1440337398,59333.1492409085,0.827944633085281,-1.31E-05,13.7318531957077
59333.1440337469,59333.1492415716,0.827944946242496,1.08E-06,6.80190519007565
59333.144033842,59333.1492412401,0.827944789663889,-1.42E-06,11.1494247021704
59333.144033862,59333.1492415716,0.827944946242496,3.98E-06,7.46761458861316
59350.674480559,59350.6799277207,0.105169644695707,2.46E-06,10.15075589619
59350.6744805954,59350.6799277206,0.105169644579291,-5.99E-06,5.71671576640332
59350.6744806127,59350.679927389,0.105169488000683,-1.71E-05,11.1234764551114
59350.6744806368,59350.6799277205,0.105169644579291,-1.64E-05,7.69643547879396
59350.6744806886,59350.6799277206,0.105169644579291,-5.02E-06,10.9312940128423
59350.6744807489,59350.6799273892,0.105169488117099,3.87E-07,9.97897351148211
59350.6744807552,59350.6799277204,0.105169644462876,-2.56E-05,11.9287117240245
59350.6744808358,59350.6799277206,0.105169644579291,-5.74E-06,7.15640730918801
59371.9520251504,59371.9572172592,0.151376905851066,1.26E-05,15.1340512480151
59371.9520251989,59371.957216596,0.15137659269385,-7.09E-06,3.33411330001186
59371.952025203,59371.9572162646,0.151376436231658,-2.77E-06,8.40568900026825
59371.9520252248,59371.9572169276,0.151376749272458,-5.43E-08,5.11128244615664
59371.95202523,59371.9572175902,0.151377062080428,-2.85E-05,33.9405986420986
59371.9520253267,59371.957217259,0.151376905734651,-9.21E-06,11.3524355651176
59371.952025347,59371.9572175907,0.151377062313259,1.11E-05,17.8653364457605
59401.6261315225,59401.6300596481,0.161597715457901,-1.54E-06,1.09666182453413
59401.6261315493,59401.6300599794,0.161597871920094,-1.71E-05,21.9878170605987
59401.6261316014,59401.6300599795,0.161597871920094,-6.07E-06,3.27448703992816
59401.6261316621,59401.6300596481,0.161597715457901,-2.95E-06,3.53103114860222
59401.6261316675,59401.6300599795,0.161597871920094,-3.94E-06,2.3707876079992
59401.6261317522,59401.6300599795,0.161597871920094,-2.62E-06,1.40638067536054
59419.5887978143,59419.5915622853,0.642235152306967,5.08E-06,4.82260643460128
59419.5887978213,59419.5915626167,0.642235308769159,1.34E-05,32.9645764262947
59419.5887978606,59419.5915612911,0.642234682920389,-3.99E-06,3.55967745377865
59419.588797863,59419.5915616224,0.642234839266166,-1.07E-05,6.62665579492949
59419.5887978888,59419.5915619538,0.642234995728358,-6.36E-06,6.54092291007193
59419.5887978954,59419.5915626166,0.642235308769159,3.05E-06,10.9766767172072
59419.5887979906,59419.591562285,0.642235152190551,-1.40E-05,10.117986486034
59419.5887980109,59419.5915626166,0.642235308652744,6.02E-07,6.66069691097239
59419.6096007456,59419.6123637555,0.652056698454544,-3.58E-06,8.59734195294514
59419.6096007517,59419.6123640866,0.652056854800321,-2.32E-05,40.381849667713
59419.6096007923,59419.6123627614,0.652056229067966,-3.53E-06,3.75375347617528
59419.6096007945,59419.6123630928,0.652056385530159,7.28E-08,6.74012643410752
59419.6096008202,59419.6123634242,0.652056541992351,3.79E-07,5.27894633908581
59419.6096008268,59419.6123640869,0.652056854916737,5.10E-06,9.84562893515879
59419.6096009222,59419.6123637555,0.652056698454544,7.00E-07,11.632364351992
59419.6096009422,59419.612364087,0.652056854916737,6.39E-06,7.26714317644117
59420.7714936408,59420.7741741123,0.200612830114551,-2.59E-05,25.5435471154736
59420.7714936899,59420.7741734498,0.200612517306581,6.13E-06,8.18503721078895
59420.7714936953,59420.7741731182,0.200612360844389,6.69E-07,6.20429966340313
59420.7714937157,59420.7741737812,0.200612673768774,6.26E-06,11.7710681160419
59420.77149372,59420.774174444,0.200612986693159,-8.26E-06,30.1096510980318
59420.7714938178,59420.7741741127,0.200612830347382,1.11E-05,24.5158294815764
59420.7714938383,59420.7741744432,0.200612986460328,-7.05E-05,62.4773691808439
59420.7952565288,59420.7979352962,0.211831823922694,-2.10E-05,27.5094539986075
59420.7952565777,59420.7979346334,0.211831510998309,-4.47E-06,7.18014668312984
59420.7952565825,59420.797934302,0.211831354419701,-3.52E-06,6.68465180963405
59420.7952566035,59420.7979349648,0.211831667460501,-8.77E-06,9.45348680297523
59420.7952566079,59420.7979356278,0.211831980501302,7.39E-07,37.4310791235929
59420.7952567057,59420.7979352964,0.211831824039109,4.81E-06,27.8549697238642
59420.7952567264,59420.7979356277,0.211831980384886,-1.08E-05,39.9707592685246
59420.8190225173,59420.8216995777,0.223052280140109,4.85E-05,22.4868789491117
59420.8190225655,59420.8216989143,0.223051966982894,4.51E-06,6.59891863827278
59420.8190225704,59420.8216985828,0.223051810404286,1.26E-06,4.56167411775706
59420.8190225913,59420.8216992457,0.223052123445086,-1.24E-06,9.65649250275089
59420.8190226935,59420.8216995773,0.223052280023694,1.73E-05,30.5800073042083
59420.8428340218,59420.8455093695,0.234294224530458,-2.83E-05,30.7603315678832
59420.8428340709,59420.845508707,0.234293911722489,2.65E-06,6.08705066427423
59420.8428340757,59420.8455083755,0.234293755143881,-4.29E-06,3.85835794306237
59420.8428340968,59420.8455090386,0.234294068184681,1.43E-05,12.424239282421
59420.842834199,59420.8455093701,0.234294224763289,2.31E-05,22.4162629956827
59420.8666161288,59420.869289764,0.245522288605571,7.72E-06,18.2764184816202
59420.8666161775,59420.8692891011,0.24552197556477,4.97E-06,7.03137086776043
59420.8666161824,59420.8692887696,0.245521819102578,-2.64E-06,4.73310668252096
59420.8666162034,59420.8692894325,0.245522132143378,7.48E-06,12.6083384154407
59420.8666162078,59420.8692900956,0.245522445184179,2.49E-05,38.9253792834258
59420.8666163053,59420.8692897638,0.245522288489155,-3.40E-06,13.1038942974642
59420.8666163264,59420.8692900956,0.245522445184179,2.23E-05,49.442240579588
59420.8904168949,59420.8930888142,0.256759161129594,6.61E-06,12.7785673167723
59420.8904169435,59420.8930881513,0.256758848205209,-4.05E-06,5.60545859809733
59420.89041695,59420.8930878199,0.256758691743016,-2.96E-06,4.80117680557984
59420.8904169693,59420.8930884827,0.256759004667401,-6.55E-06,9.72458154417309
59420.8904169736,59420.8930891457,0.256759317708202,9.95E-06,45.0135549097155
59420.8904170714,59420.8930888142,0.256759161246009,6.96E-06,8.79151763714245
59420.8904170933,59420.8930891458,0.256759317708202,1.96E-05,39.8333088073953
59420.914199198,59420.9168694016,0.267987316357903,-1.69E-05,17.4429060341647
59420.9141992034,59420.9168697332,0.267987472936511,1.01E-06,61.7661554355253
59420.9141992469,59420.9168687389,0.267987003549933,-1.42E-06,5.8298629552148
59420.9141992524,59420.9168684075,0.267986847087741,4.06E-07,4.37764198535241
59420.9141992728,59420.9168690704,0.267987160012126,5.34E-06,6.95950495998485
59420.914199375,59420.916869402,0.267987316590734,1.69E-05,12.5150278599786
59420.9141993962,59420.9168697333,0.267987473052926,1.04E-05,53.6376409461948
59420.9380137513,59420.9406822356,0.279230697080493,7.62E-06,19.4188757957375
59420.9380138001,59420.9406815728,0.279230384156108,7.97E-06,5.87272720614562
59420.9380138049,59420.9406812414,0.2792302275775,2.73E-06,4.49738820648446
59420.9380138257,59420.9406819041,0.279230540501885,-1.23E-06,7.22175365992444
59420.9380139278,59420.9406822356,0.279230697080493,5.17E-06,7.45752793715602
59420.9380139495,59420.9406825676,0.279230853891931,6.18E-05,47.4725343275932
59420.958898669,59420.9615656451,0.289090931299143,1.19E-05,14.944905212081
59420.9588987176,59420.9615649821,0.289090618374757,-1.45E-06,6.2534688871586
59420.9588987227,59420.9615646508,0.289090461912565,4.02E-06,5.55881332844349
59420.9588987435,59420.9615653136,0.28909077483695,8.76E-06,7.97069117431109
59420.9588988454,59420.9615656449,0.289090931299143,-5.25E-06,5.39744757192441
59420.9588988669,59420.9615659767,0.289091087994166,3.50E-05,40.0224608194016
59435.4170394315,59435.418628741,0.115085002966225,1.85E-06,4.85786758800016
59435.4170394683,59435.4186287409,0.11508500284981,-1.32E-07,7.90686498011461
59435.4170394842,59435.4186284094,0.115084846387617,-9.74E-07,3.8788281063682
59435.4170395099,59435.4186287411,0.115085002966225,1.44E-05,18.0120455536269
59435.4170395613,59435.4186287409,0.11508500284981,-5.32E-06,7.50103714942597
59435.4170396217,59435.4186284096,0.115084846504033,1.43E-05,22.3431997766831
59435.4170396288,59435.4186287409,0.11508500284981,-1.05E-06,1.44068993587277
59435.4170397098,59435.4186287409,0.11508500284981,-2.74E-06,1.20165453615206
59466.4043200786,59466.4035274648,0.744801536202431,3.63E-05,38.7402342305824
59466.4043201325,59466.403527133,0.744801379507407,8.21E-06,4.59914600336593
59466.4043201573,59466.4035274643,0.7448015359696,-6.25E-06,10.5769916137862
59466.4043202077,59466.4035274643,0.7448015359696,-4.82E-06,10.1647132220968
59466.4043202693,59466.4035271328,0.744801379507407,-7.40E-06,5.26581690061423
59466.4043202728,59466.403527464,0.744801535853185,-3.13E-05,20.858323213162
59466.4043203622,59466.4035274642,0.744801535853185,-1.16E-05,10.1668605030991
59466.6633212703,59466.6625090464,0.867081333184614,9.85E-06,11.87194370462
59466.6633213188,59466.6625083833,0.867081020143814,7.07E-06,10.2377737554323
59466.6633213248,59466.6625080516,0.867080863565206,-1.11E-05,7.32640184623586
59466.6633213445,59466.6625087146,0.867081176489592,-1.49E-05,9.21895949451814
59466.6633213496,59466.6625093779,0.867081489763222,1.30E-05,12.2111385996944
59466.6633214468,59466.6625090463,0.867081333184614,7.75E-06,5.72396371088117
59466.6633214703,59466.6625093774,0.867081489530392,-3.08E-05,26.4565143458137
59514.6809964213,59514.6775765047,0.53770009172149,6.68E-07,4.87504424830662
59514.6809964571,59514.6775765045,0.53770009172149,-1.46E-05,28.1388442631042
59514.6809964754,59514.6775761732,0.537699935259298,-9.27E-06,9.48295285480383
59514.6809964991,59514.6775765047,0.53770009172149,3.83E-06,20.2796189676328
59514.6809965507,59514.6775765044,0.537700091605075,-2.61E-05,24.3777938206884
59514.6809966121,59514.6775761733,0.537699935259298,-4.22E-06,7.52787754972399
59514.6809966174,59514.6775765046,0.53770009172149,-3.62E-06,11.886839432499
59514.6809966963,59514.6775765044,0.537700091605075,-2.37E-05,20.0895807020504
59529.5979823967,59529.5942761935,0.580714497016743,1.10E-05,4.44563251577621
59529.5979824332,59529.5942761933,0.580714497016743,-2.16E-06,9.20702863822245
59529.59798245,59529.5942758618,0.580714340438135,-1.66E-05,31.7463639968767
59529.5979824745,59529.5942761933,0.580714497016743,-1.06E-06,2.68523258097194
59529.5979825264,59529.5942761933,0.580714497016743,-3.54E-06,3.16178261099544
59529.5979825865,59529.594275862,0.58071434055455,6.34E-07,6.49614058831861
59529.5979825925,59529.5942761933,0.580714497016743,-4.43E-06,6.96423132827724
59529.597982673,59529.5942761932,0.580714496900328,-1.17E-05,7.04260470084915
59532.3961490941,59532.3924222359,0.901876905350946,1.13E-05,5.87398792171276
59532.3961490973,59532.3924225678,0.901877062045969,4.65E-05,53.3349970271258
59532.3961491424,59532.3924215725,0.90187659219373,-1.51E-05,7.73995566430391
59532.3961491475,59532.3924212413,0.901876435731538,5.64E-06,10.6185726235866
59532.3961491683,59532.3924219041,0.901876748772338,-1.09E-05,7.08432485336113
59532.3961491751,59532.3924225672,0.901877061813138,-3.01E-06,8.72216906913532
59532.3961492706,59532.3924222358,0.901876905350946,1.42E-06,5.07094277236964
59532.3961492949,59532.3924225672,0.901877061813138,-4.37E-06,7.18392913236653
59560.6101155613,59560.6067896443,0.223469498916529,2.49E-05,19.9611027470635
59560.6101155672,59560.6067899757,0.223469655378722,2.20E-05,54.3021965862711
59560.6101156071,59560.6067886498,0.223469029297121,7.68E-06,13.2577313633031
59560.6101156094,59560.6067889813,0.223469185875729,1.72E-05,12.8655732895926
59560.6101156348,59560.6067893127,0.223469342337921,9.08E-06,20.4655004652553
59560.6101156423,59560.6067899754,0.223469655262306,-2.35E-06,23.7844483264551
59560.6101157375,59560.606789644,0.223469498800114,-1.42E-06,13.6347589742358
59560.6101157611,59560.6067899756,0.223469655378722,1.34E-05,20.4440635519091
59691.7560971149,59691.7611250415,0.148821137961932,6.81E-06,3.486587381695
59691.7560971203,59691.7611253729,0.148821294307709,-5.74E-06,33.5408582261107
59691.7560971636,59691.761124047,0.148820668342523,1.49E-06,8.32751506150632
59691.7560971642,59691.7611243784,0.148820824804716,-3.11E-06,4.70411407170096
59691.7560971894,59691.76112471,0.148820981383324,5.52E-07,3.67939816580506
59691.7560971935,59691.761125373,0.148821294424124,5.50E-06,5.27516441048258
59691.7560972916,59691.7611250415,0.148821137845516,3.23E-06,3.63150927799364
59691.7560973167,59691.761125373,0.148821294424124,6.98E-06,5.18818050792875
59693.1565221029,59693.1615956261,0.810062210541219,1.60E-05,7.87234466806205
59693.1565221075,59693.1615959574,0.810062366886996,1.30E-06,14.3610756048489
59693.1565221515,59693.1615949629,0.810061897384003,-1.17E-05,10.2415565149776
59693.1565221576,59693.1615946316,0.81006174092181,-1.04E-06,15.4505559961931
59693.1565221773,59693.1615952944,0.810062053846195,-5.51E-06,5.02430028414501
59693.1565221817,59693.1615959575,0.810062366886996,4.99E-06,5.97862776141305
59693.1565222794,59693.161595626,0.810062210424803,1.32E-06,4.52385878594832
59693.1565223047,59693.1615959574,0.810062366886996,2.99E-06,4.90580445644236
59694.8980821887,59694.903209082,0.632376054301858,1.56E-05,11.441962245345
59694.8980821923,59694.9032094131,0.632376210647635,-3.78E-06,17.1818821468492
59694.8980822372,59694.9032084187,0.632375741144642,-3.48E-05,29.9722011863147
59694.8980822398,59694.9032080877,0.632375584798865,-5.91E-06,26.4842564561153
59694.8980822633,59694.9032087505,0.63237589772325,1.03E-06,13.9487392062707
59694.8980822668,59694.9032094131,0.632376210647635,-7.83E-07,22.4540929698214
59694.8980823651,59694.9032090818,0.632376054185442,-2.02E-06,9.51527106272568
59694.8980823932,59694.9032094131,0.632376210647635,-2.49E-06,16.7985431267053
59695.1060648313,59695.1111977962,0.730579245369881,7.59E-06,11.4091778167797
59695.1060648344,59695.1111981274,0.730579401832074,-6.18E-06,17.1427916320152
59695.1060648801,59695.1111971331,0.730578932329081,-1.28E-05,9.97550298257181
59695.1060648854,59695.1111968018,0.730578775866888,-4.37E-06,17.4088594278329
59695.106064906,59695.1111974647,0.730579088907689,6.31E-06,8.78395233303473
59695.1060649076,59695.1111981275,0.730579401832074,1.58E-06,5.63823647860713
59695.1060650078,59695.111197796,0.730579245369881,-3.99E-06,8.11064636365664
59695.106065045,59695.1111981277,0.730579401948489,2.06E-05,26.0845179345199
59697.8786453284,59697.8838545848,0.039706740761176,2.66E-05,16.1794012766501
59697.8786453333,59697.883854916,0.039706897223368,1.51E-06,19.1477625674777
59697.8786453769,59697.8838539215,0.03970642760396,4.29E-06,22.3935650122145
59697.8786453782,59697.88385359,0.039706271141768,1.18E-05,13.5200113379215
59697.8786454026,59697.8838542529,0.039706584066153,-7.64E-06,17.4756916585153
59697.878645407,59697.8838549161,0.039706897223368,5.29E-06,6.15386986557099
59697.8786455045,59697.8838545843,0.039706740528345,-1.75E-05,38.3844047183945
59697.8786455311,59697.8838549159,0.039706897106953,-9.49E-06,14.8011543438126
59700.7596636191,59700.7649416328,0.400030271150172,6.02E-06,5.97484558338681
59700.7596636245,59700.7649419641,0.400030427612364,2.93E-06,18.6143635695768
59700.7596636681,59700.7649406385,0.400029801647179,-2.25E-05,29.9368929539922
59700.7596636683,59700.7649409702,0.400029958342202,7.83E-06,10.909847304643
59700.7596636937,59700.7649413013,0.400030114687979,-5.76E-06,8.22034140073927
59700.7596636977,59700.7649419642,0.400030427612364,8.99E-06,6.47662353269426
59700.7596637957,59700.7649416327,0.400030271150172,9.70E-07,5.85633791570187
59700.7596638224,59700.7649419641,0.400030427612364,7.31E-06,7.21544956757656
59700.8290780948,59700.8343576763,0.43280549661722,4.47E-06,5.87146649070923
59700.8290780987,59700.8343580074,0.432805652962998,-1.11E-05,22.7428618410201
59700.8290781439,59700.8343570136,0.432805183692835,1.52E-06,11.4533107041765
59700.8290781457,59700.8343566822,0.432805027230643,-4.33E-06,25.4855409374627
59700.8290781695,59700.8343573449,0.432805340038613,-1.65E-06,7.72482553194336
59700.8290781709,59700.8343580074,0.432805652846582,-1.90E-05,29.2244234352432
59700.8290782715,59700.8343576763,0.432805496500805,1.41E-06,6.49175277542602
59700.8290783005,59700.8343580076,0.432805652962998,1.82E-06,9.46609582951259
59718.8776498085,59718.8831109358,0.954638868337497,5.48E-06,4.82386700314824
59718.8776498164,59718.8831112671,0.95463902479969,-9.62E-06,27.0441428267826
59718.8776498569,59718.883109941,0.954638398601673,-1.08E-05,5.37727704145606
59718.877649857,59718.8831102726,0.954638555180281,-5.57E-06,3.19802954032024
59718.8776498829,59718.8831106042,0.954638711758889,-2.80E-07,5.08985196886258
59718.87764989,59718.8831112673,0.95463902479969,1.81E-06,16.6383983580306
59718.877649985,59718.8831109357,0.954638868337497,2.43E-06,4.58562395817484
59718.8776500091,59718.8831112673,0.95463902479969,2.66E-06,7.29866372673963
59718.9471745677,59718.9526355553,0.987465358572081,2.24E-06,4.34360935886252
59718.947174576,59718.9526358867,0.987465515034273,-7.68E-06,14.677579120736
59718.9471746159,59718.9526345606,0.987464888952672,-2.94E-06,5.46426275943579
59718.9471746421,59718.9526352236,0.987465201993473,-6.66E-06,3.84575482170167
59718.9471746492,59718.9526358868,0.987465515034273,2.30E-07,9.37783271002121
59718.9471747443,59718.9526355552,0.987465358572081,2.40E-07,3.73989048634691
59718.9471747681,59718.9526358868,0.987465515034273,1.43E-06,15.8011075989091
